{"mean": [683047.5688161694, 688.9461020211742, 29.123195380173243, 1114112.0, 28.0279114533205, 0.0, 6757319.245428297, 1097983.6053897978, 0.0], "scale": [409459.1391989235, 174.92861456646153, 12.905230602067101, 1.0, 7.685228921032565, 1.0, 15619851.987672206, 1734741.9389816606, 1.0], "var": [167656786673.5234, 30600.02019414166, 166.5449768925292, 0.0, 59.062743568675366, 0.0, 243979776116787.38, 3009329594861.8516, 0.0]}