{"mean": [7.496043369294658e+18, 683047.5688161694, 33.87295476419634, 688.9461020211742, 29.123195380173243, 1114112.0, 28.0279114533205, 0.0, 0.2579403272377286, 6757319.245428297, 1097983.6053897978], "scale": [1.2790570414103368e+18, 409459.13919892354, 7.000015813874197, 174.92861456646156, 12.905230602067101, 1.0, 7.685228921032564, 1.0, 0.43750098836713747, 15619851.987672208, 1734741.9389816606], "var": [1.635986915181364e+36, 167656786673.52344, 49.00022139448884, 30600.020194141664, 166.5449768925292, 0.0, 59.06274356867536, 0.0, 0.19140711482222214, 243979776116787.44, 3009329594861.8516]}