{"mean": [1.6361656818700674], "scale": [7.386948263760952], "var": [54.56700465148095]}