{"mean": [7.496043369294658e+18, 683047.5688161694, 33.87295476419634, 67.89124157844081, 131.65543792107795, 688.9461020211742, 4.0, 857.5957651588066, 28.0279114533205, 0.0, 1430.9576515880653, 64.98460057747835, 4.644542733397498, 29.123195380173243, 1114112.0, 0.0, 0.2579403272377286, 1097983.6053897978, 6757319.245428297, 1097990.60346487], "scale": [1.2790570414103368e+18, 409459.1391989235, 7.000015813874197, 23.134762545047863, 46.87711134058784, 174.92861456646153, 1.0, 276.3882245070622, 7.685228921032565, 1.0, 480.23419669303746, 54.25012255752503, 0.4280074638679753, 12.905230602067101, 1.0, 1.0, 0.4375009883671373, 1734741.9389816606, 15619851.987672206, 1734737.5097123655], "var": [1.6359869151813642e+36, 167656786673.5234, 49.00022139448883, 535.2172380157494, 2197.463567637869, 30600.02019414166, 0.0, 76390.45064616621, 59.062743568675366, 0.0, 230624.883673407, 2943.075797506486, 0.18319038912669616, 166.5449768925292, 0.0, 0.0, 0.19140711482222203, 3009329594861.8516, 243979776116787.38, 3009314227603.0596]}