{"mean": [70735.3532242541], "scale": [63897.676863767854], "var": [4082913108.5864935]}